# No. res, res sizes (min), (max), echo values (min), (max), spectral values (min), (max), weightin (min), (max), dimsrec (min), (max), reg., NRMSE (mean), (std)
3,200,200,0.850,0.500,0.900,0.700,0.200,0.200,60.000,60.000,1.00e-02,0.9970,4.637636e-05
3,200,200,0.850,0.500,0.900,0.700,0.200,0.200,60.000,60.000,1.00e-04,1.1177,3.268356e-03
3,200,200,0.850,0.500,0.900,0.700,0.200,0.200,60.000,60.000,1.00e-02,0.9970,6.322820e-05
3,200,200,0.850,0.500,0.900,0.700,0.200,0.200,60.000,60.000,1.00e-04,1.1224,1.103778e-03
